<?xml version="1.0" encoding="UTF-8"?>
<project-private xmlns="http://www.netbeans.org/ns/project-private/1">
    <editor-bookmarks xmlns="http://www.netbeans.org/ns/editor-bookmarks/2" lastBookmarkId="0"/>
    <open-files xmlns="http://www.netbeans.org/ns/projectui-open-files/2">
        <group name="Group 20150614-02:40:16"/>
        <group>
            <file>file:/Users/sameng/NetBeansProjects/MCLAlgorithm/src/MCLAlgorithm/Utils.java</file>
            <file>file:/Users/sameng/NetBeansProjects/MCLAlgorithm/src/MCLAlgorithm/MCL.java</file>
            <file>file:/Users/sameng/NetBeansProjects/MCLAlgorithm/src/MCLAlgorithm/MCLApp.java</file>
        </group>
    </open-files>
</project-private>
